"1";"刘玉";"dian";"导师组";"unknown"
"40";"钟国辉";"quickmouse";"导师组";"unknown"
"443";"黄盼军";"Jayden";"SmartSAN组";"unknown"
"447";"江涛";"qingchen";"华为-路径组";"unknown"
"475";"朱林果";"magicboy";"iSNS组";"unknown"
"492";"洪昊";"honghaooo";"华为-路径组";"unknown"
"661";"康毅";"kky";"迅测组";"unknown"
"504";"林佛钧";"Link";"华为-路径组";"unknown"
"511";"余乐";"yulebron";"SmartSAN组";"unknown"
"517";"黄伦";"Huaan";"悦然心动组";"unknown"
"519";"郭承颖";"gcy";"华为-主备组";"unknown"
"521";"梁进超";"liangjinchao";"iSNS组";"unknown"
"639";"张明阳";"jhdsgfww";"华为-路径组";"unknown"
"524";"江子山";"Hill";"迅测组";"unknown"
"525";"白恒培";"baihengpei";"迅测组";"unknown"
"646";"郑敬元";"ZJYThunder";"华为-矫正组";"unknown"
"527";"张子昂";"AllenZhang";"移动组";"unknown"
"528";"朱礼源";"waning";"挪威组";"unknown"
"530";"刘宏阳";"StarryNight";"单人组";"unknown"
"532";"乔泽阳";"Asiam";"悦然心动组";"unknown"
"535";"孙志昂";"geforce";"iSNS组";"unknown"
"537";"徐迟";"xuchi";"SmartSAN组";"business"
"540";"李超";"lichao";"单人组";"unknown"
"665";"李沐辰";"jojoli";"移动组";"unknown"
"543";"刘勃";"ll";"导师组";"unknown"
"544";"刘路阔";"liulukuo";"SmartSAN组";"unknown"
"546";"夏阳伟";"xiayangwei";"iSNS组";"unknown"
"673";"孙紫檀";"jinridafengh";"华为-主备组";"unknown"
"548";"陈庆祥";"chenqz";"移动组";"unknown"
"662";"叶子玉";"HoneyBee";"华为-主备组";"unknown"
"555";"邢维";"xingwei";"华为-AP测速组";"unknown"
"558";"何一闻";"heyiwen";"移动组";"unknown"
"669";"吴月";"KylinZhang";"挪威组";"unknown"
"670";"单勇";"Sin";"华为-AP测速组";"unknown"
"619";"陈彧";"cccccc";"移动组";"business"
"623";"刘远卓";"liuyuanzhuo";"iSNS组";"unknown"
"624";"王大为";"Augustus";"悦然心动组";"unknown"
"626";"张郑强";"hekko";"华为-路径组";"unknown"
"659";"王锐";"jinxiapu";"挪威组";"unknown"
"629";"王佳静";"MHWGO";"SmartSAN组";"unknown"
"630";"李小雨";"lixiaoyu";"华为-矫正组";"unknown"
"631";"李超";"michaellee";"迅测组";"unknown"
"641";"李显锐";"husterlxr";"iSNS组";"unknown"
"638";"邱天";"qiutian";"SmartSAN组";"unknown"
"557";"倪晓禹";"Clock";"单人组";"business"
"637";"李凡";"lfhust";"华为-AP测速组";"unknown"
"656";"杨小舟";"swatyxz";"iSNS组";"unknown"
"643";"李昂";"Falllight";"iSNS组";"unknown"
"651";"徐炜楠";"woshixwn";"移动组";"unknown"
"648";"葛弘康";"hnyyghk";"华为-路径组";"unknown"
"647";"袁晓梅";"YuanXiaomei";"移动组";"unknown"
"657";"许志";"xuzhi";"SmartSAN组";"business"
"650";"丁宇阳";"RacerCar";"华为-AP测速组";"unknown"
"640";"杨旭";"Sakura";"迅测组";"unknown"
"636";"杨奕骁";"yangyixiao";"iSNS组";"unknown"
"559";"陈宽";"Azrael";"单人组";"unknown"
"672";"叶逸凡";"LeafBeyOr";"iSNS组";"unknown"
"664";"徐晨维";"Watercow";"SmartSAN组";"unknown"
"658";"辛杰";"Ptisdom";"华为-路径组";"unknown"
"675";"严子怡";"ladrift";"移动组";"unknown"
"668";"黄宽";"Cain";"挪威组";"unknown"
"660";"宋有朋";"Sypeng";"iSNS组";"unknown"
"671";"方婷";"occupied";"华为-路径组";"unknown"
"663";"裘东昊";"ybbbby";"华为-矫正组";"unknown"
"674";"李毅朝";"liyichao";"SmartSAN组";"unknown"
"666";"郭毅远";"codeforjoy";"华为-AP测速组";"unknown"
"667";"郭宇";"guoyu";"挪威组";"unknown"
"682";"许天成";"nouveau";"移动组";"unknown"
"677";"赖昱松";"WhisperPine";"布林机";"unknown"
"685";"潘登";"PanDeng";"布林机";"unknown"
"691";"黄振";"Danceiny";"魅果科技组";"unknown"
"688";"黄炜文";"Ulrich";"移动组";"unknown"
"681";"李晨达";"leohust";"挪威组";"unknown"
"684";"汪宇豪";"Wangsir";"移动组";"unknown"
"679";"雷后超";"cplus";"迅测组";"unknown"
"687";"曾豪";"jeanheo";"魅果科技组";"unknown"
"680";"张王优";"zwy";"华为-AP测速组";"unknown"
"690";"陈振英";"syunys";"布林机";"unknown"
"678";"齐豪";"Qihao";"魅果科技组";"unknown"
"686";"邹志盛";"shun";"迅测组";"unknown"
"683";"张凡宇";"Continue";"挪威组";"unknown"
"689";"刘茹涵";"liuruhan";"SmartSAN组";"unknown"
"693";"杨思雯";"Wensy";"移动组";"unknown"
